month,momentum,market,rf
1927-01,-0.24,0.20,0.25
1927-02,7.04,4.43,0.26
1927-03,5.50,0.44,0.30
1927-04,5.49,0.72,0.25
1927-05,5.99,5.75,0.30
1927-06,-1.77,-2.12,0.26
1927-07,13.04,7.56,0.30
1927-08,5.57,2.27,0.28
1927-09,7.29,4.98,0.21
1927-10,-6.04,-4.04,0.25
1927-11,6.21,6.73,0.21
1927-12,5.00,2.31,0.22
1928-01,-0.84,-0.32,0.25
1928-02,0.17,-1.36,0.33
1928-03,12.75,9.08,0.29
1928-04,2.92,4.47,0.22
1928-05,5.21,1.84,0.32
1928-06,-3.57,-4.59,0.31
1928-07,2.19,0.95,0.32
1928-08,9.13,7.01,0.32
1928-09,5.67,3.14,0.27
1928-10,7.28,1.72,0.41
1928-11,24.60,12.20,0.38
1928-12,2.18,0.46,0.06
1929-01,-2.14,5.00,0.34
1929-02,3.17,0.02,0.36
1929-03,2.36,-0.51,0.34
1929-04,0.65,1.83,0.36
1929-05,-12.35,-5.94,0.44
1929-06,9.35,10.22,0.52
1929-07,5.35,4.81,0.33
1929-08,8.57,8.54,0.40
1929-09,-3.15,-5.10,0.35
1929-10,-27.07,-19.61,0.46
1929-11,-16.36,-12.50,0.37
1929-12,4.21,1.65,0.37
1930-01,3.80,5.75,0.14
1930-02,3.58,2.80,0.30
1930-03,8.80,7.44,0.35
1930-04,-1.33,-1.84,0.21
1930-05,-1.03,-1.40,0.26
1930-06,-16.30,-15.81,0.27
1930-07,6.52,4.32,0.20
1930-08,1.17,0.39,0.09
1930-09,-11.90,-12.59,0.22
1930-10,-7.22,-8.69,0.09
1930-11,-1.72,-2.91,0.13
1930-12,-2.86,-7.72,0.14
1931-01,5.61,6.40,0.15
1931-02,6.57,10.92,0.04
1931-03,-0.65,-6.22,0.13
1931-04,-4.29,-9.92,0.08
1931-05,-9.93,-13.20,0.09
1931-06,7.82,14.01,0.08
1931-07,-1.05,-6.57,0.06
1931-08,-0.54,0.43,0.03
1931-09,-23.90,-28.71,0.03
1931-10,11.16,8.09,0.10
1931-11,-3.24,-8.97,0.17
1931-12,-5.21,-13.40,0.12
1932-01,-0.80,-1.34,0.23
1932-02,1.90,5.68,0.23
1932-03,-4.87,-11.14,0.16
1932-04,-9.65,-17.83,0.11
1932-05,-13.28,-20.45,0.06
1932-06,1.22,-0.75,0.02
1932-07,12.57,33.63,0.02
1932-08,16.18,37.15,0.03
1932-09,-4.16,-2.91,0.03
1932-10,-2.82,-13.13,0.02
1932-11,-22.04,-5.86,0.02
1932-12,2.69,4.43,0.01
1933-01,-3.48,1.25,0.01
1933-02,-14.13,-15.32,-0.03
1933-03,8.83,3.10,0.04
1933-04,28.68,38.91,0.10
1933-05,18.83,21.47,0.04
1933-06,17.08,13.12,0.02
1933-07,-13.62,-9.62,0.02
1933-08,17.34,12.07,0.03
1933-09,-7.25,-10.63,0.02
1933-10,-8.16,-8.35,0.01
1933-11,7.46,9.99,0.02
1933-12,1.85,1.84,0.02
1934-01,12.43,12.65,0.05
1934-02,-0.16,-2.49,0.02
1934-03,1.05,0.11,0.02
1934-04,-7.68,-1.78,0.01
1934-05,-8.69,-7.25,0.01
1934-06,2.70,2.72,0.01
1934-07,-9.02,-10.93,0.01
1934-08,10.17,5.59,0.01
1934-09,-0.86,-0.23,0.01
1934-10,3.83,-1.65,0.01
1934-11,13.65,8.34,0.01
1934-12,4.00,0.37,0.01
1935-01,-0.29,-3.45,0.01
1935-02,3.25,-1.94,0.02
1935-03,-1.89,-3.70,0.01
1935-04,6.71,9.07,0.01
1935-05,1.37,3.47,0.01
1935-06,6.74,5.94,0.01
1935-07,6.43,7.55,0.01
1935-08,3.46,2.66,0.01
1935-09,8.74,2.63,0.01
1935-10,12.09,7.04,0.01
1935-11,3.01,4.89,0.02
1935-12,8.07,4.56,0.01
1936-01,13.00,6.90,0.01
1936-02,1.17,2.50,0.01
1936-03,5.26,0.98,0.02
1936-04,-12.70,-8.12,0.02
1936-05,7.40,5.21,0.02
1936-06,-1.22,2.43,0.03
1936-07,7.51,6.69,0.01
1936-08,0.25,1.01,0.02
1936-09,1.16,0.98,0.01
1936-10,7.72,7.12,0.02
1936-11,3.03,3.27,0.01
1936-12,4.16,0.20,0.00
1937-01,3.55,3.36,0.01
1937-02,5.97,1.10,0.02
1937-03,4.03,-0.25,0.01
1937-04,-14.53,-7.33,0.03
1937-05,-1.93,-0.77,0.06
1937-06,-7.02,-4.20,0.03
1937-07,9.79,8.94,0.03
1937-08,-7.37,-4.86,0.02
1937-09,-20.74,-13.58,0.04
1937-10,-12.26,-9.57,0.02
1937-11,-12.58,-8.31,0.02
1937-12,-0.75,-4.29,0.00
1938-01,-1.18,0.48,0.00
1938-02,1.65,5.85,0.00
1938-03,-17.47,-23.92,-0.01
1938-04,13.81,14.49,0.01
1938-05,0.80,-3.86,0.00
1938-06,10.23,23.89,0.00
1938-07,4.90,7.32,-0.01
1938-08,-1.28,-2.68,0.00
1938-09,0.24,0.85,0.02
1938-10,7.26,7.81,0.01
1938-11,-1.40,-1.80,-0.06
1938-12,8.80,4.16,0.00
1939-01,-9.21,-5.98,-0.01
1939-02,4.72,3.52,0.01
1939-03,-18.37,-12.04,-0.01
1939-04,2.16,-0.18,0.00
1939-05,9.09,6.82,0.01
1939-06,-6.14,-5.32,0.01
1939-07,13.37,10.22,0.00
1939-08,-4.26,-6.69,-0.01
1939-09,7.92,16.90,0.01
1939-10,5.47,-0.53,0.00
1939-11,-7.08,-3.65,0.00
1939-12,7.19,2.93,0.00
1940-01,0.03,-2.41,0.00
1940-02,5.20,1.44,0.00
1940-03,4.64,2.05,0.00
1940-04,3.84,0.22,0.00
1940-05,-28.32,-22.02,-0.02
1940-06,6.32,6.69,0.00
1940-07,4.37,3.18,0.01
1940-08,2.16,2.20,-0.01
1940-09,0.68,2.39,0.00
1940-10,2.77,3.03,0.00
1940-11,-0.81,-1.65,0.00
1940-12,1.86,0.69,0.00
1941-01,-5.27,-4.19,-0.01
1941-02,-2.28,-1.44,-0.01
1941-03,-0.66,0.85,0.01
1941-04,-4.83,-5.47,-0.01
1941-05,1.28,1.37,0.00
1941-06,4.18,5.83,0.00
1941-07,8.25,5.90,0.03
1941-08,-0.45,-0.16,0.01
1941-09,-0.65,-0.87,0.01
1941-10,-0.06,-5.26,0.00
1941-11,0.00,-1.95,0.00
1941-12,-8.09,-4.87,0.01
1942-01,0.23,0.81,0.02
1942-02,-3.02,-2.45,0.01
1942-03,-6.10,-6.59,0.01
1942-04,-2.79,-4.36,0.01
1942-05,1.24,5.99,0.03
1942-06,1.46,2.70,0.02
1942-07,8.10,3.54,0.03
1942-08,1.40,1.83,0.03
1942-09,5.23,2.65,0.03
1942-10,7.37,6.85,0.03
1942-11,-1.86,0.16,0.03
1942-12,6.33,5.17,0.03
1943-01,8.73,7.16,0.03
1943-02,9.33,6.19,0.03
1943-03,12.59,6.06,0.03
1943-04,12.87,0.84,0.03
1943-05,15.62,5.77,0.02
1943-06,-3.65,1.85,0.03
1943-07,-13.43,-4.75,0.03
1943-08,-0.75,1.33,0.03
1943-09,6.01,2.43,0.03
1943-10,0.00,-1.12,0.03
1943-11,-14.16,-5.90,0.03
1943-12,15.31,6.40,0.03
1944-01,3.14,1.77,0.03
1944-02,0.12,0.40,0.03
1944-03,7.55,2.48,0.02
1944-04,-2.38,-1.66,0.03
1944-05,5.81,5.11,0.03
1944-06,2.50,5.54,0.03
1944-07,-2.58,-1.46,0.03
1944-08,7.07,1.59,0.03
1944-09,-2.02,0.04,0.02
1944-10,-2.68,0.19,0.03
1944-11,3.60,1.74,0.03
1944-12,9.79,4.06,0.02
1945-01,3.55,2.04,0.03
1945-02,11.31,6.25,0.02
1945-03,-5.60,-3.89,0.02
1945-04,14.55,7.83,0.03
1945-05,1.82,1.77,0.03
1945-06,7.59,0.41,0.02
1945-07,-8.30,-2.14,0.03
1945-08,3.12,6.25,0.03
1945-09,8.07,4.80,0.03
1945-10,9.17,3.92,0.03
1945-11,8.93,5.42,0.02
1945-12,5.37,1.22,0.03
1946-01,11.09,6.27,0.03
1946-02,-6.60,-5.81,0.03
1946-03,8.34,5.91,0.03
1946-04,4.77,4.26,0.03
1946-05,3.10,3.97,0.03
1946-06,-4.39,-3.86,0.03
1946-07,-2.36,-2.66,0.03
1946-08,-6.65,-6.43,0.03
1946-09,-14.23,-10.15,0.03
1946-10,-1.57,-1.41,0.03
1946-11,0.15,0.01,0.03
1946-12,7.43,5.00,0.03
1947-01,-2.96,1.28,0.03
1947-02,-2.47,-1.06,0.03
1947-03,-0.21,-1.65,0.03
1947-04,-5.75,-4.77,0.03
1947-05,-0.43,-0.93,0.03
1947-06,5.26,5.33,0.03
1947-07,3.79,4.16,0.03
1947-08,-2.44,-1.71,0.03
1947-09,-0.16,-0.48,0.06
1947-10,4.50,2.53,0.06
1947-11,-0.43,-1.93,0.06
1947-12,5.34,3.09,0.08
1948-01,-4.71,-3.86,0.07
1948-02,-3.66,-4.31,0.07
1948-03,12.87,8.20,0.09
1948-04,7.18,3.73,0.08
1948-05,7.65,7.40,0.08
1948-06,3.48,-0.02,0.09
1948-07,-6.12,-5.00,0.08
1948-08,-0.10,0.33,0.09
1948-09,-5.95,-2.95,0.04
1948-10,7.15,6.00,0.04
1948-11,-11.74,-9.30,0.04
1948-12,5.54,3.30,0.04
1949-01,-1.70,0.33,0.10
1949-02,-4.24,-2.84,0.09
1949-03,6.92,4.15,0.10
1949-04,-1.32,-1.78,0.09
1949-05,-2.18,-2.88,0.10
1949-06,-0.53,0.20,0.10
1949-07,4.88,5.63,0.09
1949-08,2.60,2.68,0.09
1949-09,4.63,3.18,0.09
1949-10,5.19,3.23,0.09
1949-11,3.66,1.89,0.08
1949-12,6.42,5.23,0.09
1950-01,2.63,1.79,0.09
1950-02,2.06,1.57,0.09
1950-03,2.16,1.36,0.10
1950-04,3.19,4.03,0.09
1950-05,3.53,4.42,0.10
1950-06,-7.33,-5.86,0.10
1950-07,0.38,1.47,0.10
1950-08,7.91,4.96,0.10
1950-09,3.88,4.92,0.10
1950-10,1.72,-0.07,0.12
1950-11,1.24,2.85,0.11
1950-12,9.59,5.68,0.11
1951-01,6.17,5.83,0.13
1951-02,-0.73,1.50,0.10
1951-03,-5.00,-2.05,0.11
1951-04,7.75,4.99,0.13
1951-05,-3.76,-2.24,0.12
1951-06,-3.85,-2.51,0.12
1951-07,11.97,7.08,0.13
1951-08,2.10,4.42,0.13
1951-09,-0.94,0.82,0.12
1951-10,1.03,-2.37,0.16
1951-11,0.92,0.69,0.11
1951-12,5.14,3.45,0.12
1952-01,3.92,1.60,0.15
1952-02,-3.99,-2.52,0.12
1952-03,7.35,4.55,0.11
1952-04,-7.65,-4.85,0.12
1952-05,3.78,3.33,0.13
1952-06,4.79,3.99,0.15
1952-07,-0.43,1.06,0.15
1952-08,0.40,-0.62,0.15
1952-09,-0.90,-1.88,0.16
1952-10,-0.91,-0.52,0.14
1952-11,6.62,6.06,0.10
1952-12,5.10,3.09,0.16
1953-01,-0.35,-0.18,0.16
1953-02,-0.63,-0.13,0.14
1953-03,-3.85,-1.26,0.18
1953-04,-1.83,-2.67,0.16
1953-05,1.50,0.68,0.17
1953-06,-2.37,-1.71,0.18
1953-07,2.18,2.55,0.15
1953-08,-5.79,-4.39,0.17
1953-09,1.30,0.37,0.16
1953-10,3.89,4.73,0.13
1953-11,4.64,2.92,0.08
1953-12,1.09,0.15,0.13
1954-01,4.86,5.24,0.11
1954-02,3.47,1.74,0.07
1954-03,7.24,3.74,0.08
1954-04,8.13,4.36,0.09
1954-05,0.96,3.15,0.05
1954-06,4.86,1.14,0.06
1954-07,2.84,5.05,0.05
1954-08,-4.21,-2.30,0.05
1954-09,7.14,6.49,0.09
1954-10,-0.34,-1.60,0.07
1954-11,10.75,9.47,0.06
1954-12,6.69,5.57,0.08
1955-01,4.19,0.68,0.08
1955-02,3.71,3.11,0.09
1955-03,1.77,-0.05,0.10
1955-04,2.82,3.21,0.10
1955-05,1.97,1.08,0.14
1955-06,8.21,6.65,0.10
1955-07,-0.37,1.99,0.10
1955-08,3.86,0.38,0.16
1955-09,5.45,-0.21,0.16
1955-10,-5.25,-2.49,0.18
1955-11,9.01,7.21,0.17
1955-12,-1.01,1.67,0.18
1956-01,-5.94,-2.81,0.22
1956-02,5.13,3.97,0.19
1956-03,6.63,6.79,0.15
1956-04,1.92,0.47,0.19
1956-05,-5.56,-4.99,0.23
1956-06,3.35,3.67,0.20
1956-07,8.15,5.06,0.22
1956-08,-4.63,-3.02,0.17
1956-09,-6.90,-4.96,0.18
1956-10,1.18,0.77,0.25
1956-11,3.07,0.55,0.20
1956-12,7.31,3.40,0.24
1957-01,-5.66,-3.30,0.27
1957-02,-0.85,-1.83,0.24
1957-03,3.98,2.36,0.23
1957-04,7.07,4.51,0.25
1957-05,5.60,3.72,0.26
1957-06,2.39,-0.51,0.24
1957-07,-1.16,0.96,0.30
1957-08,-6.92,-4.87,0.25
1957-09,-5.91,-5.73,0.26
1957-10,-3.07,-4.03,0.29
1957-11,6.65,2.59,0.28
1957-12,-2.52,-3.66,0.24
1958-01,2.23,4.93,0.28
1958-02,0.23,-1.41,0.12
1958-03,4.92,3.36,0.09
1958-04,3.52,3.17,0.08
1958-05,1.36,2.43,0.11
1958-06,3.38,2.96,0.03
1958-07,1.67,4.46,0.07
1958-08,2.40,1.94,0.04
1958-09,5.63,4.85,0.19
1958-10,6.13,2.71,0.18
1958-11,6.59,3.12,0.11
1958-12,5.26,5.38,0.22
1959-01,0.47,0.92,0.21
1959-02,4.10,1.14,0.19
1959-03,3.91,0.50,0.22
1959-04,8.32,3.86,0.20
1959-05,0.15,1.95,0.22
1959-06,5.83,0.00,0.24
1959-07,-0.32,3.43,0.25
1959-08,-2.54,-1.19,0.19
1959-09,-5.21,-4.50,0.31
1959-10,8.69,1.58,0.30
1959-11,6.43,1.86,0.26
1959-12,1.08,2.80,0.34
1960-01,-7.83,-6.65,0.33
1960-02,6.50,1.45,0.29
1960-03,-1.30,-1.28,0.35
1960-04,1.35,-1.52,0.19
1960-05,8.57,3.39,0.27
1960-06,3.48,2.32,0.24
1960-07,-3.55,-2.24,0.13
1960-08,2.88,3.17,0.17
1960-09,-7.75,-5.84,0.16
1960-10,-1.10,-0.49,0.22
1960-11,9.38,4.82,0.13
1960-12,8.05,4.89,0.16
1961-01,4.55,6.39,0.19
1961-02,4.91,3.71,0.14
1961-03,4.49,3.09,0.20
1961-04,0.55,0.46,0.17
1961-05,1.36,2.58,0.18
1961-06,-2.10,-2.88,0.20
1961-07,1.82,3.01,0.18
1961-08,6.55,2.71,0.14
1961-09,-2.48,-1.98,0.17
1961-10,3.64,2.77,0.19
1961-11,8.11,4.60,0.15
1961-12,-4.25,0.02,0.19
1962-01,-6.32,-3.63,0.24
1962-02,1.84,2.01,0.20
1962-03,-2.27,-0.48,0.20
1962-04,-4.30,-6.37,0.22
1962-05,-10.88,-8.42,0.24
1962-06,-5.63,-8.30,0.20
1962-07,6.24,6.54,0.27
1962-08,2.66,2.36,0.23
1962-09,-2.00,-5.01,0.21
1962-10,-0.25,0.21,0.26
1962-11,8.31,11.09,0.20
1962-12,4.66,1.24,0.23
1963-01,3.17,5.19,0.25
1963-02,-1.59,-2.17,0.23
1963-03,5.39,3.31,0.23
1963-04,5.05,4.76,0.25
1963-05,3.12,2.00,0.24
1963-06,-2.14,-1.77,0.23
1963-07,0.41,-0.12,0.27
1963-08,9.22,5.33,0.25
1963-09,-2.07,-1.30,0.27
1963-10,5.49,2.83,0.29
1963-11,-0.18,-0.59,0.27
1963-12,0.77,2.12,0.29
1964-01,1.91,2.54,0.30
1964-02,3.55,1.81,0.26
1964-03,3.60,1.72,0.31
1964-04,-0.51,0.39,0.29
1964-05,3.95,1.67,0.26
1964-06,0.89,1.57,0.30
1964-07,0.73,2.04,0.30
1964-08,-0.88,-1.16,0.28
1964-09,6.39,2.97,0.28
1964-10,0.04,0.89,0.29
1964-11,0.01,0.28,0.29
1964-12,-0.79,0.35,0.31
1965-01,4.52,3.82,0.28
1965-02,2.81,0.74,0.30
1965-03,0.28,-0.98,0.36
1965-04,5.07,3.42,0.31
1965-05,-0.62,-0.47,0.31
1965-06,-9.40,-5.16,0.35
1965-07,7.46,1.75,0.31
1965-08,7.66,3.06,0.33
1965-09,5.33,3.17,0.31
1965-10,7.86,2.91,0.31
1965-11,8.50,0.32,0.35
1965-12,4.05,1.34,0.33
1966-01,9.00,1.10,0.38
1966-02,8.27,-0.86,0.35
1966-03,1.12,-2.13,0.38
1966-04,5.08,2.47,0.34
1966-05,-10.98,-5.26,0.41
1966-06,3.61,-1.06,0.38
1966-07,-2.16,-1.28,0.35
1966-08,-9.18,-7.53,0.41
1966-09,-4.87,-0.66,0.40
1966-10,-5.76,4.31,0.45
1966-11,12.10,1.78,0.40
1966-12,1.38,0.53,0.40
1967-01,8.52,8.58,0.43
1967-02,5.29,1.13,0.36
1967-03,6.39,4.38,0.39
1967-04,6.31,4.21,0.32
1967-05,-3.36,-3.99,0.33
1967-06,8.46,2.69,0.27
1967-07,7.25,4.90,0.32
1967-08,-1.74,-0.59,0.31
1967-09,4.48,3.42,0.32
1967-10,0.71,-2.69,0.39
1967-11,1.12,0.73,0.36
1967-12,9.01,3.38,0.33
1968-01,-6.94,-3.63,0.40
1968-02,-8.95,-3.35,0.39
1968-03,2.56,0.59,0.38
1968-04,19.22,9.45,0.43
1968-05,10.24,2.73,0.45
1968-06,0.73,1.13,0.43
1968-07,-4.45,-2.21,0.48
1968-08,4.91,1.77,0.42
1968-09,9.83,4.48,0.43
1968-10,-1.57,0.87,0.44
1968-11,10.04,5.85,0.42
1968-12,-2.87,-3.50,0.43
1969-01,-1.87,-0.72,0.53
1969-02,-10.46,-5.40,0.46
1969-03,5.69,3.12,0.46
1969-04,3.36,1.99,0.53
1969-05,2.99,0.39,0.48
1969-06,-11.47,-6.68,0.51
1969-07,-6.90,-6.47,0.53
1969-08,10.45,5.19,0.50
1969-09,-2.66,-2.35,0.62
1969-10,6.65,5.66,0.60
1969-11,-0.53,-3.28,0.52
1969-12,1.37,-1.99,0.64
1970-01,-7.05,-7.50,0.60
1970-02,3.18,5.76,0.62
1970-03,-2.96,-0.49,0.57
1970-04,-11.46,-10.49,0.50
1970-05,-6.20,-6.37,0.53
1970-06,-0.93,-5.22,0.58
1970-07,4.43,7.44,0.52
1970-08,2.01,5.03,0.53
1970-09,4.14,4.72,0.54
1970-10,-1.28,-1.81,0.46
1970-11,5.66,5.08,0.46
1970-12,3.45,6.16,0.42
1971-01,2.07,5.21,0.38
1971-02,4.00,1.74,0.33
1971-03,5.21,4.42,0.30
1971-04,4.91,3.43,0.28
1971-05,-2.98,-3.70,0.29
1971-06,2.71,0.28,0.37
1971-07,-6.21,-4.09,0.40
1971-08,8.60,4.26,0.47
1971-09,0.62,-0.49,0.37
1971-10,-4.11,-4.05,0.37
1971-11,0.97,-0.09,0.37
1971-12,10.80,9.08,0.37
1972-01,6.11,2.76,0.29
1972-02,5.68,3.12,0.25
1972-03,1.31,0.89,0.27
1972-04,1.26,0.58,0.29
1972-05,5.65,1.59,0.30
1972-06,0.56,-2.14,0.29
1972-07,0.01,-0.49,0.31
1972-08,-1.54,3.56,0.29
1972-09,0.52,-0.80,0.34
1972-10,1.71,0.92,0.40
1972-11,1.58,4.97,0.37
1972-12,5.35,0.99,0.37
1973-01,-2.88,-2.83,0.44
1973-02,-5.12,-4.43,0.42
1973-03,1.79,-0.84,0.46
1973-04,-3.08,-5.16,0.52
1973-05,-0.23,-2.46,0.51
1973-06,0.73,-1.06,0.51
1973-07,2.43,5.68,0.64
1973-08,-2.87,-3.12,0.70
1973-09,5.28,5.42,0.68
1973-10,4.06,-0.18,0.65
1973-11,-9.27,-12.22,0.56
1973-12,7.44,1.23,0.64
1974-01,-6.09,0.47,0.63
1974-02,1.79,0.12,0.58
1974-03,-4.64,-2.26,0.56
1974-04,-4.12,-4.53,0.75
1974-05,-9.17,-3.95,0.75
1974-06,-1.30,-2.24,0.60
1974-07,-3.63,-7.36,0.70
1974-08,-8.87,-8.79,0.60
1974-09,-9.13,-10.98,0.81
1974-10,20.34,16.62,0.51
1974-11,-3.70,-3.99,0.54
1974-12,-3.37,-2.74,0.70
1975-01,11.43,14.25,0.58
1975-02,3.97,5.99,0.43
1975-03,7.10,3.07,0.41
1975-04,7.64,4.66,0.44
1975-05,4.93,5.64,0.44
1975-06,5.63,5.28,0.41
1975-07,-4.05,-6.12,0.48
1975-08,-2.54,-2.36,0.48
1975-09,-1.79,-3.73,0.53
1975-10,3.18,5.88,0.56
1975-11,1.58,3.06,0.41
1975-12,-1.26,-1.12,0.48
1976-01,18.99,12.62,0.47
1976-02,5.28,0.65,0.34
1976-03,0.82,2.72,0.40
1976-04,-2.57,-1.07,0.42
1976-05,-2.55,-0.97,0.37
1976-06,4.58,4.49,0.43
1976-07,-1.12,-0.59,0.47
1976-08,-2.20,-0.15,0.42
1976-09,2.64,2.50,0.44
1976-10,-3.57,-2.01,0.41
1976-11,3.36,0.76,0.40
1976-12,8.25,6.05,0.40
1977-01,2.44,-3.67,0.36
1977-02,-1.95,-1.59,0.35
1977-03,-0.63,-0.97,0.38
1977-04,3.95,0.53,0.38
1977-05,0.52,-1.10,0.37
1977-06,6.94,5.12,0.40
1977-07,-1.06,-1.27,0.42
1977-08,-1.97,-1.32,0.44
1977-09,1.36,0.16,0.43
1977-10,-4.83,-3.90,0.49
1977-11,8.58,4.50,0.50
1977-12,2.05,0.76,0.49
1978-01,-3.51,-5.51,0.49
1978-02,1.50,-0.93,0.46
1978-03,6.35,3.38,0.53
1978-04,9.75,8.41,0.54
1978-05,8.76,2.27,0.51
1978-06,2.24,-1.15,0.54
1978-07,9.79,5.68,0.56
1978-08,10.61,4.34,0.56
1978-09,-4.61,-0.82,0.62
1978-10,-23.34,-11.22,0.68
1978-11,11.05,3.41,0.70
1978-12,3.41,1.65,0.78
1979-01,6.51,4.99,0.77
1979-02,-4.17,-2.83,0.73
1979-03,10.33,6.48,0.81
1979-04,1.59,0.73,0.80
1979-05,-1.39,-1.38,0.82
1979-06,6.58,4.65,0.81
1979-07,1.94,1.60,0.77
1979-08,7.30,6.31,0.77
1979-09,4.38,0.00,0.83
1979-10,-6.44,-7.23,0.87
1979-11,12.35,6.21,0.99
1979-12,8.69,2.73,0.95
1980-01,12.97,6.30,0.80
1980-02,5.04,-0.34,0.89
1980-03,-21.25,-11.69,1.21
1980-04,6.87,5.21,1.26
1980-05,3.95,6.07,0.81
1980-06,6.29,3.59,0.61
1980-07,6.35,7.04,0.53
1980-08,5.15,2.39,0.64
1980-09,8.32,2.94,0.75
1980-10,5.20,1.99,0.95
1980-11,17.20,10.56,0.96
1980-12,-7.28,-3.15,1.31
1981-01,-11.23,-4.02,1.04
1981-02,0.04,1.68,1.07
1981-03,8.50,4.88,1.21
1981-04,-0.38,-1.08,1.08
1981-05,5.78,1.28,1.15
1981-06,-7.97,-0.99,1.35
1981-07,-2.49,-0.31,1.24
1981-08,-8.42,-5.74,1.28
1981-09,-8.14,-5.95,1.24
1981-10,11.81,6.13,1.21
1981-11,2.78,4.47,1.07
1981-12,-2.61,-2.76,0.87
1982-01,-3.59,-2.43,0.80
1982-02,-4.77,-4.94,0.92
1982-03,-0.52,-0.84,0.98
1982-04,4.41,4.37,1.13
1982-05,-1.12,-2.87,1.06
1982-06,1.08,-2.12,0.96
1982-07,-1.57,-2.15,1.05
1982-08,9.56,11.99,0.76
1982-09,4.73,1.82,0.51
1982-10,13.87,11.89,0.59
1982-11,9.95,5.31,0.63
1982-12,0.06,1.23,0.67
1983-01,2.56,4.28,0.69
1983-02,6.91,3.21,0.62
1983-03,4.89,3.44,0.63
1983-04,10.63,7.37,0.71
1983-05,4.76,1.20,0.69
1983-06,5.71,3.74,0.67
1983-07,-7.84,-3.32,0.74
1983-08,-4.52,0.26,0.76
1983-09,1.17,1.68,0.76
1983-10,-9.39,-2.67,0.76
1983-11,5.41,2.87,0.70
1983-12,-2.63,-1.04,0.73
1984-01,-6.66,-1.16,0.76
1984-02,-4.61,-4.06,0.71
1984-03,2.32,1.38,0.73
1984-04,1.65,0.30,0.81
1984-05,-5.57,-5.20,0.78
1984-06,1.45,2.56,0.75
1984-07,-2.01,-1.90,0.82
1984-08,8.62,11.10,0.83
1984-09,1.24,0.06,0.86
1984-10,0.74,0.16,1.00
1984-11,-1.32,-1.04,0.73
1984-12,2.58,2.48,0.64
1985-01,6.48,8.62,0.65
1985-02,2.88,1.80,0.58
1985-03,-0.53,-0.21,0.62
1985-04,0.00,-0.24,0.72
1985-05,7.46,5.73,0.66
1985-06,3.55,1.82,0.55
1985-07,-1.34,-0.10,0.62
1985-08,-0.91,-0.46,0.55
1985-09,-4.86,-3.91,0.60
1985-10,7.33,4.65,0.65
1985-11,7.41,7.07,0.61
1985-12,3.76,4.53,0.65
1986-01,4.46,1.21,0.56
1986-02,8.33,7.67,0.53
1986-03,5.76,5.51,0.60
1986-04,0.16,-0.76,0.52
1986-05,6.63,5.11,0.49
1986-06,3.12,1.58,0.52
1986-07,-7.64,-5.91,0.52
1986-08,3.71,6.53,0.46
1986-09,-11.44,-8.14,0.45
1986-10,7.25,5.10,0.46
1986-11,0.44,1.56,0.39
1986-12,-2.12,-2.77,0.49
1987-01,18.03,12.87,0.42
1987-02,5.23,4.81,0.43
1987-03,4.09,2.10,0.47
1987-04,0.44,-1.65,0.44
1987-05,0.84,0.49,0.38
1987-06,3.67,4.39,0.48
1987-07,5.54,4.30,0.46
1987-08,4.08,3.99,0.47
1987-09,0.09,-2.13,0.45
1987-10,-26.70,-22.59,0.60
1987-11,-6.18,-7.41,0.35
1987-12,8.02,7.21,0.39
1988-01,-2.07,4.50,0.29
1988-02,7.59,5.23,0.46
1988-03,0.44,-1.82,0.44
1988-04,1.67,1.03,0.46
1988-05,-1.14,0.24,0.51
1988-06,3.53,5.27,0.49
1988-07,-1.09,-0.74,0.51
1988-08,-3.01,-2.72,0.59
1988-09,4.38,3.93,0.62
1988-10,1.68,1.77,0.61
1988-11,-2.30,-1.70,0.57
1988-12,2.02,2.11,0.63
1989-01,6.57,6.62,0.55
1989-02,1.78,-1.62,0.61
1989-03,4.54,2.24,0.67
1989-04,5.64,5.02,0.67
1989-05,5.14,4.07,0.79
1989-06,-0.22,-0.62,0.71
1989-07,9.07,7.88,0.70
1989-08,2.02,2.17,0.74
1989-09,3.37,-0.11,0.65
1989-10,-4.14,-2.97,0.68
1989-11,1.27,1.73,0.69
1989-12,-0.43,1.79,0.61
1990-01,-10.65,-7.23,0.57
1990-02,1.53,1.69,0.57
1990-03,3.90,2.47,0.64
1990-04,-1.59,-2.67,0.69
1990-05,13.02,9.11,0.68
1990-06,1.60,-0.46,0.63
1990-07,-1.75,-1.22,0.68
1990-08,-10.24,-9.46,0.66
1990-09,-6.52,-5.51,0.60
1990-10,-0.90,-1.24,0.68
1990-11,5.53,6.92,0.57
1990-12,1.75,3.06,0.60
1991-01,6.24,5.21,0.52
1991-02,9.10,7.67,0.48
1991-03,6.46,3.10,0.44
1991-04,-1.44,0.25,0.53
1991-05,4.06,4.13,0.47
1991-06,-4.69,-4.52,0.42
1991-07,7.74,4.73,0.49
1991-08,5.78,2.78,0.46
1991-09,0.61,-1.13,0.46
1991-10,3.72,1.71,0.42
1991-11,-5.41,-3.81,0.39
1991-12,17.70,11.23,0.38
1992-01,2.62,-0.25,0.34
1992-02,0.83,1.36,0.28
1992-03,-4.05,-2.31,0.34
1992-04,-2.47,1.41,0.32
1992-05,2.26,0.58,0.28
1992-06,-4.03,-2.01,0.32
1992-07,4.06,4.09,0.31
1992-08,-4.54,-2.12,0.26
1992-09,4.25,1.45,0.26
1992-10,5.28,1.25,0.23
1992-11,8.37,4.37,0.23
1992-12,5.72,1.81,0.28
1993-01,6.26,1.16,0.23
1993-02,-0.79,0.34,0.22
1993-03,4.74,2.57,0.25
1993-04,-3.22,-2.81,0.24
1993-05,8.05,3.11,0.22
1993-06,2.96,0.55,0.25
1993-07,0.77,-0.10,0.24
1993-08,8.52,3.97,0.25
1993-09,4.87,0.14,0.26
1993-10,0.85,1.64,0.22
1993-11,-4.83,-1.62,0.25
1993-12,3.12,1.88,0.23
1994-01,4.90,3.12,0.25
1994-02,-1.16,-2.34,0.21
1994-03,-5.72,-4.52,0.27
1994-04,0.31,0.95,0.27
1994-05,-2.18,0.90,0.32
1994-06,-6.16,-2.73,0.31
1994-07,2.49,3.10,0.28
1994-08,8.34,4.39,0.37
1994-09,0.76,-1.91,0.37
1994-10,2.94,1.73,0.38
1994-11,-5.14,-3.66,0.37
1994-12,1.48,1.30,0.44
1995-01,-1.79,2.22,0.42
1995-02,4.22,4.03,0.40
1995-03,4.06,2.65,0.46
1995-04,4.69,2.55,0.44
1995-05,2.64,3.44,0.54
1995-06,7.21,3.19,0.47
1995-07,6.53,4.16,0.45
1995-08,0.67,1.02,0.47
1995-09,3.30,3.79,0.43
1995-10,-0.28,-1.04,0.47
1995-11,1.27,4.38,0.42
1995-12,-1.29,1.53,0.49
1996-01,2.67,2.69,0.43
1996-02,3.52,1.72,0.39
1996-03,0.44,1.13,0.39
1996-04,6.17,2.52,0.46
1996-05,5.04,2.78,0.42
1996-06,-4.06,-0.73,0.40
1996-07,-10.68,-5.51,0.45
1996-08,5.79,3.18,0.41
1996-09,8.01,5.45,0.44
1996-10,-1.04,1.29,0.42
1996-11,1.62,6.66,0.41
1996-12,0.83,-1.24,0.46
1997-01,9.02,5.41,0.45
1997-02,-6.81,-0.09,0.39
1997-03,-4.44,-4.59,0.43
1997-04,8.92,4.47,0.43
1997-05,6.07,7.22,0.49
1997-06,4.51,4.47,0.37
1997-07,15.08,7.74,0.43
1997-08,-2.65,-3.69,0.41
1997-09,7.04,5.78,0.44
1997-10,-7.89,-3.38,0.42
1997-11,1.38,3.38,0.39
1997-12,1.47,1.81,0.48
1998-01,2.52,0.58,0.43
1998-02,9.83,7.42,0.39
1998-03,5.95,5.15,0.39
1998-04,5.39,1.17,0.43
1998-05,-3.49,-2.67,0.40
1998-06,9.48,3.60,0.41
1998-07,0.96,-2.02,0.40
1998-08,-17.04,-15.62,0.43
1998-09,8.67,6.65,0.46
1998-10,4.06,7.30,0.32
1998-11,7.43,6.38,0.31
1998-12,12.99,6.53,0.38
1999-01,9.08,3.83,0.35
1999-02,-4.70,-3.73,0.35
1999-03,5.78,3.91,0.43
1999-04,-0.87,4.71,0.37
1999-05,-3.16,-2.12,0.34
1999-06,8.50,5.17,0.40
1999-07,-1.82,-3.11,0.38
1999-08,0.76,-0.98,0.39
1999-09,0.40,-2.38,0.39
1999-10,6.59,6.48,0.39
1999-11,10.51,3.77,0.36
1999-12,21.75,8.10,0.44
2000-01,-2.68,-4.33,0.41
2000-02,22.75,2.89,0.43
2000-03,-0.44,5.68,0.47
2000-04,-9.01,-5.93,0.46
2000-05,-11.62,-3.89,0.50
2000-06,12.97,5.08,0.40
2000-07,-3.29,-2.00,0.48
2000-08,14.00,7.53,0.50
2000-09,-11.76,-4.93,0.51
2000-10,-7.63,-2.22,0.56
2000-11,-24.45,-10.19,0.51
2000-12,5.85,1.68,0.50
2001-01,-5.81,3.79,0.54
2001-02,-4.49,-9.65,0.38
2001-03,-2.89,-6.83,0.42
2001-04,5.66,8.32,0.39
2001-05,3.06,1.00,0.32
2001-06,1.11,-1.66,0.28
2001-07,-2.87,-1.83,0.30
2001-08,-3.31,-6.09,0.31
2001-09,-7.55,-8.96,0.28
2001-10,2.19,2.70,0.22
2001-11,4.69,7.70,0.17
2001-12,4.88,1.76,0.15
2002-01,-0.22,-1.30,0.14
2002-02,-1.97,-2.17,0.13
2002-03,5.84,4.37,0.13
2002-04,-0.41,-5.06,0.15
2002-05,-2.51,-1.22,0.14
2002-06,-2.90,-7.10,0.13
2002-07,-11.87,-8.04,0.15
2002-08,1.39,0.64,0.14
2002-09,-3.11,-10.20,0.14
2002-10,5.15,7.98,0.14
2002-11,2.32,6.08,0.12
2002-12,-1.75,-5.65,0.11
2003-01,-1.01,-2.47,0.10
2003-02,0.38,-1.79,0.09
2003-03,3.60,1.19,0.10
2003-04,4.64,8.28,0.10
2003-05,7.10,6.14,0.09
2003-06,1.80,1.52,0.10
2003-07,3.52,2.40,0.07
2003-08,3.95,2.40,0.07
2003-09,-1.40,-1.16,0.08
2003-10,11.62,6.15,0.07
2003-11,3.16,1.42,0.07
2003-12,-1.25,4.37,0.08
2004-01,3.70,2.22,0.07
2004-02,-0.15,1.46,0.06
2004-03,-1.47,-1.23,0.09
2004-04,-7.74,-1.73,0.08
2004-05,2.74,1.24,0.06
2004-06,1.78,1.93,0.08
2004-07,-8.69,-3.94,0.10
2004-08,-2.13,0.18,0.11
2004-09,7.28,1.71,0.11
2004-10,1.82,1.53,0.11
2004-11,9.86,4.68,0.15
2004-12,2.08,3.58,0.16
2005-01,-4.09,-2.59,0.16
2005-02,5.45,2.04,0.16
2005-03,-1.53,-1.73,0.21
2005-04,-6.46,-2.40,0.21
2005-05,6.42,3.89,0.24
2005-06,5.53,0.81,0.23
2005-07,5.68,4.16,0.24
2005-08,1.23,-0.90,0.30
2005-09,3.87,0.77,0.29
2005-10,-2.74,-1.77,0.27
2005-11,3.09,3.92,0.31
2005-12,1.84,0.08,0.32
2006-01,9.85,3.38,0.35
2006-02,-5.33,0.04,0.34
2006-03,4.58,1.84,0.37
2006-04,1.95,1.09,0.36
2006-05,-7.98,-3.13,0.43
2006-06,-0.49,0.05,0.40
2006-07,-6.30,-0.37,0.40
2006-08,-1.96,2.45,0.42
2006-09,2.11,2.25,0.41
2006-10,6.41,3.63,0.41
2006-11,2.23,2.12,0.42
2006-12,0.84,1.25,0.40
2007-01,3.12,1.82,0.44
2007-02,-2.79,-1.58,0.38
2007-03,2.14,1.14,0.43
2007-04,2.14,3.93,0.44
2007-05,5.38,3.64,0.41
2007-06,-1.18,-1.56,0.40
2007-07,-1.49,-3.32,0.40
2007-08,1.88,1.36,0.42
2007-09,7.76,3.54,0.32
2007-10,7.66,2.11,0.32
2007-11,-5.97,-4.46,0.34
2007-12,4.31,-0.60,0.27
2008-01,-13.18,-6.12,0.21
2008-02,2.05,-2.96,0.13
2008-03,-0.67,-0.77,0.17
2008-04,9.68,4.79,0.18
2008-05,6.92,2.05,0.18
2008-06,-0.47,-8.26,0.17
2008-07,-9.36,-0.60,0.15
2008-08,-2.88,1.66,0.13
2008-09,-15.23,-9.20,0.15
2008-10,-15.20,-17.12,0.08
2008-11,-7.62,-7.71,0.03
2008-12,0.80,1.77,0.00
2009-01,-12.05,-8.09,0.00
2009-02,-5.58,-10.13,0.01
2009-03,5.47,9.03,0.02
2009-04,-0.12,10.18,0.01
2009-05,1.77,5.21,0.00
2009-06,3.06,0.43,0.01
2009-07,5.63,7.75,0.01
2009-08,0.20,3.34,0.01
2009-09,4.68,4.09,0.01
2009-10,-3.83,-2.53,0.00
2009-11,6.49,5.63,0.00
2009-12,5.36,2.81,0.01
2010-01,-6.64,-3.35,0.00
2010-02,8.45,3.39,0.00
2010-03,8.64,6.31,0.01
2010-04,6.84,2.00,0.01
2010-05,-9.91,-7.89,0.01
2010-06,-10.99,-5.55,0.01
2010-07,10.21,6.93,0.01
2010-08,-5.55,-4.77,0.01
2010-09,13.66,9.56,0.01
2010-10,5.46,3.88,0.01
2010-11,6.17,0.60,0.01
2010-12,4.35,6.83,0.01
2011-01,0.63,1.99,0.01
2011-02,3.99,3.49,0.01
2011-03,2.93,0.46,0.01
2011-04,3.26,2.90,0.00
2011-05,-2.90,-1.27,0.00
2011-06,-0.01,-1.74,0.00
2011-07,-1.57,-2.35,0.00
2011-08,-8.63,-5.95,0.01
2011-09,-15.66,-7.58,0.00
2011-10,14.44,11.33,0.00
2011-11,-1.36,-0.27,0.00
2011-12,-1.18,0.75,0.00
2012-01,2.63,5.05,0.00
2012-02,5.80,4.42,0.00
2012-03,5.08,3.12,0.00
2012-04,0.37,-0.85,0.00
2012-05,-4.79,-6.16,0.01
2012-06,1.93,3.89,0.00
2012-07,2.51,0.79,0.00
2012-08,3.90,2.55,0.01
2012-09,2.21,2.74,0.01
2012-10,-5.93,-1.75,0.01
2012-11,1.67,0.79,0.01
2012-12,1.90,1.19,0.01
2013-01,5.91,5.57,0.00
2013-02,1.90,1.28,0.00
2013-03,5.43,4.04,0.00
2013-04,0.25,1.56,0.00
2013-05,4.69,2.80,0.00
2013-06,-4.25,-1.20,0.00
2013-07,9.97,5.65,0.00
2013-08,-2.81,-2.71,0.00
2013-09,7.55,3.77,0.00
2013-10,2.30,4.17,0.00
2013-11,3.15,3.11,0.00
2013-12,3.12,2.81,0.00
2014-01,0.61,-3.32,0.00
2014-02,6.16,4.66,0.00
2014-03,-5.98,0.43,0.00
2014-04,-3.46,-0.18,0.00
2014-05,3.83,2.05,0.00
2014-06,5.47,2.60,0.00
2014-07,-0.52,-2.03,0.00
2014-08,5.40,4.24,0.00
2014-09,-2.39,-1.96,0.00
2014-10,2.23,2.51,0.00
2014-11,3.98,2.56,0.00
2014-12,-2.26,-0.05,0.00
2015-01,0.64,-3.10,0.00
2015-02,6.14,6.13,0.00
2015-03,-0.81,-1.11,0.00
2015-04,-2.45,0.59,0.00
2015-05,4.56,1.37,0.00
2015-06,-0.56,-1.52,0.00
2015-07,1.96,1.57,0.00
2015-08,-6.29,-6.02,0.00
2015-09,-3.19,-3.06,0.00
2015-10,6.89,7.75,0.00
2015-11,1.27,0.57,0.00
2015-12,-1.19,-2.14,0.01
2016-01,-6.22,-5.73,0.01
2016-02,-3.29,-0.04,0.02
2016-03,5.82,6.97,0.02
2016-04,-1.59,0.93,0.01
2016-05,3.48,1.79,0.01
2016-06,0.87,-0.01,0.02
2016-07,4.22,3.96,0.02
2016-08,-1.03,0.51,0.02
2016-09,3.09,0.29,0.02
2016-10,-5.24,-1.99,0.02
2016-11,7.49,4.87,0.01
2016-12,-0.44,1.84,0.03
2017-01,3.67,1.98,0.04
2017-02,0.01,3.59,0.04
2017-03,0.43,0.20,0.03
2017-04,0.23,1.13,0.05
2017-05,3.50,1.13,0.06
2017-06,0.94,0.85,0.06
2017-07,2.99,1.95,0.07
2017-08,0.16,0.27,0.09
2017-09,4.22,2.58,0.09
2017-10,5.62,2.35,0.09
2017-11,2.99,3.20,0.08
2017-12,-0.60,1.15,0.09
2018-01,11.84,5.69,0.11
2018-02,-3.04,-3.53,0.11
2018-03,-3.16,-2.23,0.12
2018-04,1.39,0.41,0.14
2018-05,7.31,2.80,0.14
2018-06,0.49,0.63,0.14
2018-07,0.94,3.36,0.16
2018-08,10.00,3.61,0.16
2018-09,-0.64,0.21,0.15
2018-10,-15.62,-7.46,0.19
2018-11,1.63,1.89,0.18
2018-12,-8.33,-9.36,0.19
2019-01,10.81,8.58,0.21
2019-02,5.06,3.60,0.18
2019-03,0.62,1.29,0.19
2019-04,0.81,4.18,0.21
2019-05,-4.24,-6.71,0.21
2019-06,6.48,7.17,0.18
2019-07,1.98,1.42,0.19
2019-08,-0.24,-2.39,0.16
2019-09,-3.00,1.59,0.18
2019-10,-0.44,2.22,0.15
2019-11,3.58,3.99,0.12
2019-12,4.56,2.91,0.14
2020-01,3.26,0.02,0.13
2020-02,-6.61,-8.03,0.12
2020-03,-9.59,-13.25,0.12
2020-04,14.67,13.60,0.00
2020-05,6.66,5.58,0.01
2020-06,7.98,2.46,0.01
2020-07,7.99,5.84,0.01
2020-08,11.46,7.63,0.01
2020-09,-6.21,-3.63,0.01
2020-10,-3.73,-2.07,0.01
2020-11,10.38,12.46,0.01
2020-12,6.44,4.64,0.01
2021-01,2.09,-0.07,0.00
2021-02,-2.78,2.81,0.00
2021-03,-6.52,3.17,0.00
2021-04,4.50,4.95,0.00
2021-05,-4.84,0.30,0.00
2021-06,9.25,2.74,0.00
2021-07,-0.56,1.34,0.00
2021-08,3.08,2.94,0.00
2021-09,-3.09,-4.40,0.00
2021-10,4.22,6.63,0.00
2021-11,-2.43,-1.58,0.00
2021-12,-6.65,3.24,0.01
2022-01,-10.82,-6.16,0.00
2022-02,0.65,-2.28,0.00
2022-03,5.18,3.08,0.00
2022-04,-12.16,-9.41,0.00
2022-05,1.66,-0.31,0.03
2022-06,-10.41,-8.34,0.06
2022-07,8.57,9.65,0.08
2022-08,0.03,-3.58,0.19
2022-09,-7.30,-9.15,0.19
2022-10,17.98,8.08,0.23
2022-11,1.86,4.94,0.29
2022-12,-4.23,-6.05,0.33
2023-01,0.52,6.96,0.35
2023-02,-5.02,-2.23,0.34
2023-03,0.38,2.84,0.36
2023-04,1.94,0.97,0.35
2023-05,8.60,0.70,0.36
2023-06,8.48,6.86,0.40
2023-07,5.11,3.66,0.45
2023-08,-1.19,-1.91,0.45
2023-09,-7.71,-4.80,0.43
2023-10,-4.09,-2.68,0.47
2023-11,12.76,9.32,0.44
2023-12,4.00,5.28,0.43
2024-01,5.13,1.20,0.47
2024-02,12.82,5.49,0.42
2024-03,3.94,3.27,0.43
2024-04,-5.52,-4.18,0.47
2024-05,11.83,4.77,0.44
2024-06,6.87,3.21,0.41
2024-07,-4.70,1.67,0.45
2024-08,4.63,2.08,0.48
2024-09,4.11,2.12,0.40
2024-10,2.79,-0.61,0.39
2024-11,6.74,6.89,0.40
2024-12,0.25,-2.80,0.37
2025-01,-0.09,3.17,0.37
2025-02,-7.69,-2.11,0.33
2025-03,-11.25,-6.05,0.34
2025-04,7.69,-0.49,0.35
2025-05,5.80,6.44,0.38
2025-06,4.00,5.20,0.34
2025-07,0.69,2.32,0.34
2025-08,-1.27,2.22,0.38
2025-09,7.82,3.72,0.33
2025-10,4.53,2.33,0.37
2025-11,-3.63,0.17,0.30
2025-12,-0.26,-0.02,0.34
2026-01,6.13,1.33,0.30
2026-02,-3.38,-0.89,0.28
2026-03,-6.51,-4.89,0.29
2026-04,31.71,10.24,0.29
2026-05,20.04,5.22,0.31
2026-06,8.36,-0.78,0.29
2026-07,-15.41,-0.28,0.33
2026-08,-0.06,2.85,0.29
